"OrderId","ContractId","DateOfReturn","ReturnAmount","ReturnAmountCurrency","ReturnReason","Resolution"
"114-4075887-9667402","45a3f465-7059-4f76-8eca-8efc7a5e943a","2023-05-13T19:22:35Z","No Refund","Not Available","Defective/Does not work properly","Refund"
"114-7615997-5029069","9ef8a44c-bd53-4117-a46c-219c2069a5b8","2023-03-10T03:14:24Z","19.79","USD","Too small","Refund"
"114-7615997-5029069","b6d93daf-4326-4bb1-8dd4-dd3ab7a538a0","2023-03-10T03:13:42Z","17.04","USD","Too small","Refund"
"112-0452694-5711438","b21d71d5-4e44-489f-bace-c1df0b8b6d33","2023-02-26T21:09:57Z","23.71","USD","Accidental order","Refund"
"112-0452694-5711438","83dc06ea-20df-46cd-ba11-8463cba9945c","2023-02-19T12:11:28Z","No Refund","Not Available","Accidental order","Refund"
"112-6678026-9674639","6edc9072-3336-3a47-8a52-13ec796118ea","2023-02-09T03:10:19Z","No Refund","Not Available",,"Return"
"112-8234290-0192249","991452d5-6ae9-4883-aca3-ec7596f8c50f","2022-02-24T21:11:31Z","No Refund","Not Available","Different from what was ordered","Exchange"
"112-2523722-7197835","c7f901c8-d24f-48f3-b5f4-28b45dd366e1","2022-01-01T21:04:45Z","19.25","USD","Too small","Refund"
"112-2157947-1281850","54a6b165-c785-49d7-bd6f-7efd3b94125f","2021-07-25T20:51:20Z","19.84","USD","Accidental order","Refund"
"112-6902175-8862624","7dda0ea0-5e31-4fe0-95c7-97772dfaad22","2021-06-25T21:38:58Z","29.71","USD","No longer needed/wanted","Refund"
"112-6870765-9583440","4423b6a8-344f-461f-9c38-8b00643f414f","2021-05-31T17:40:39Z","No Refund","Not Available","Missed estimated delivery date","Exchange"
"111-8011524-7889849","94a70c7c-58cf-48c0-98a1-b63294ac9820","2021-05-11T18:07:56Z","No Refund","Not Available","Missing parts or accessories","Refund"
"111-1492796-9958663","d7e6dc09-6d05-43b8-9be3-984bc5e098ee","2021-05-07T21:17:08Z","40.76","USD","Accidental order","Refund"
"111-1502158-8269022","55fcf7d7-885b-4595-a12c-2099ae2c421b","2021-03-23T18:14:59Z","22.03","USD","Accidental order","Refund"
"113-6797774-8716269","5128e44f-adbf-4d47-b993-1fdad1fdd7b2","2021-01-26T22:29:34Z","14.31","USD","Defective/Does not work properly","Refund"
"112-1177769-4113054","6eeffd47-cad4-4018-bfe7-fc9e3154b88d","2021-01-11T18:36:24Z","33.05","USD","Defective/Does not work properly","Refund"
"113-3234718-0630647","4f26ebff-dc6f-40b1-b88c-f7df4c39c0cc","2020-11-17T01:01:47Z","9.91","USD","Accidental order","Refund"
"111-9977074-7476229","e950f39a-1149-4c5d-9556-cf85ac71eef0","2020-05-29T15:53:04Z","No Refund","Not Available","Missing parts or accessories","Exchange"
"113-3332272-9384213","cf8db8ae-0338-43b9-a847-87e840627316","2019-12-16T21:41:41Z","No Refund","Not Available","Accidental order","Refund"
"113-6336976-4398640","ade4945b-548a-4a02-b95b-ba9b4d9143cf","2019-10-24T21:55:50Z","No Refund","Not Available","Defective/Does not work properly","Exchange"
"113-3802832-2120216","9bbdfa02-4374-4586-a7f4-b42a304d2794","2019-08-19T20:02:52Z","No Refund","Not Available","Damaged due to inappropriate packaging","Exchange"
"113-8062003-1787415","4ebd81a3-f3d3-4787-abd9-28a3e1472e5e","2019-08-07T19:27:08Z","36.37","USD","No longer needed/wanted","Refund"
"113-9644333-6533859","50340529-b19e-4349-9a56-6f88c68f53b4","2019-06-18T01:57:59Z","No Refund","Not Available","Different from website description","Refund"
"113-0477231-6853841","21af386c-c380-48c3-883d-a61f56ddd9b6","2019-04-07T22:33:31Z","12.73","USD","Accidental order","Refund"
"113-0992526-5574615","96865843-0523-46e2-8796-dad01fdbf5ec","2018-12-17T06:32:50Z","24.19","USD","Unknown Reason","Refund"
"113-0993854-4105852","72461980-a3eb-4a8c-8b8e-7fc862cbccbf","2018-07-18T19:08:46Z","No Refund","Not Available","Too small","Refund"
"107-6733660-2359414","fb834de7-da28-4c2c-961a-d724d8425f94","2017-01-05T03:14:33Z","21.74","USD","No longer needed/wanted","Refund"
"108-1841261-1817016","8d07f9b5-187c-475f-89a1-1bc3f8cd5d16","2017-01-05T03:12:52Z","9.23","USD","Defective/Does not work properly","Refund"
"108-1841261-1817016","8d07f9b5-187c-475f-89a1-1bc3f8cd5d16","2017-01-05T03:12:52Z","15.12","USD","Accidental order","Refund"
"102-6079821-3313844","7fd75ef2-345d-405a-b767-cb90ad9d3f05","2016-02-08T18:29:11Z","18.99","USD","Damaged during shipping","Refund"
"110-3857419-4849039","acf85baa-4ac8-4a52-9aad-185caf41f31e","2015-01-04T21:43:41Z","No Refund","Not Available","Defective/Does not work properly","Refund"
