﻿order id,replacement order id
114-7615997-5029069,No Replacement Order ID
111-1492796-9958663,No Replacement Order ID
110-3857419-4849039,No Replacement Order ID
113-8062003-1787415,No Replacement Order ID
111-1492796-9958663,No Replacement Order ID
113-0351906-3558630,No Replacement Order ID
114-7615997-5029069,No Replacement Order ID
112-5445860-7750606,No Replacement Order ID
114-8746014-1038601,No Replacement Order ID
114-7615997-5029069,No Replacement Order ID
112-6902175-8862624,No Replacement Order ID
113-0992526-5574615,No Replacement Order ID
114-7615997-5029069,No Replacement Order ID
112-2523722-7197835,No Replacement Order ID
108-1841261-1817016,No Replacement Order ID
108-1841261-1817016,No Replacement Order ID
113-6336976-4398640,113-0864183-3525816
112-6902175-8862624,No Replacement Order ID
107-6733660-2359414,No Replacement Order ID
113-8062003-1787415,No Replacement Order ID
111-1502158-8269022,No Replacement Order ID
112-8234290-0192249,113-2286153-6464213
112-2157947-1281850,No Replacement Order ID
112-6870765-9583440,113-7593383-0180260
113-3802832-2120216,113-5671228-7677809
112-1177769-4113054,No Replacement Order ID
114-8746014-1038601,No Replacement Order ID
113-6797774-8716269,No Replacement Order ID
D01-8087321-9584249,No Replacement Order ID
111-9977074-7476229,113-1033363-7812216
113-0477231-6853841,No Replacement Order ID
114-4075887-9667402,No Replacement Order ID
111-5762313-2673865,No Replacement Order ID
113-3667826-9441012,No Replacement Order ID
112-5445860-7750606,No Replacement Order ID
112-0452694-5711438,No Replacement Order ID
113-3234718-0630647,No Replacement Order ID
112-2157947-1281850,No Replacement Order ID
112-0452694-5711438,No Replacement Order ID
112-1177769-4113054,No Replacement Order ID
D01-0081174-1657848,No Replacement Order ID
102-6079821-3313844,No Replacement Order ID
111-1502158-8269022,No Replacement Order ID
112-2523722-7197835,No Replacement Order ID
