﻿"Website","ReversalID","OrderID","CreationDate","Quantity","Currency","ReversalStatus","ReversalAmountState","ReversalReason","DirectDebitRefundAmount"
"Amazon.com","jlVYOel2TQexgzfGKiAPfA","114-4075887-9667402","05/16/2023 01:40:16 UTC","1","USD","Completed","Final","Customer return","0"
"Amazon.com","m8joAhJFTG2DZnQh8axkdA","114-7615997-5029069","03/15/2023 00:17:21 UTC","1","USD","Completed","Final","Customer return","0"
"Amazon.com","d9YdYT0XR0KaWBBuHSTC7Q","114-7615997-5029069","03/15/2023 00:17:03 UTC","1","USD","Completed","Final","Customer return","0"
"Amazon.com","EkZi0Bt1S9us6vIdJm4mKA","112-0452694-5711438","02/26/2023 22:22:54 UTC","1","USD","Completed","Final","Customer return","0"
"Amazon.com","/a/2Vv64QeaNhe7AhNY67A","112-2523722-7197835","01/11/2022 00:24:00 UTC","1","USD","Completed","Final","Customer return","0"
"Amazon.com","CQNn6VEfSE6QK/26stdybg","112-2157947-1281850","08/05/2021 18:59:20 UTC","1","USD","Completed","Final","Customer return","0"
"Amazon.com","Lk3nXPeqRTel8DXF92UiiQ","112-6902175-8862624","07/02/2021 22:49:23 UTC","1","USD","Completed","Final","Customer return","0"
"Amazon.com","n8nmpYswQryWfHN4KIDxbA","111-1492796-9958663","05/14/2021 23:44:33 UTC","1","USD","Completed","Final","Customer return","0"
"Amazon.com","JN2pUGBeT3KYGr0sOnMyZw","111-1502158-8269022","03/29/2021 20:29:55 UTC","1","USD","Completed","Final","Customer return","0"
"Amazon.com","7PBKcOmHTwKqKM8NXa0vug","113-6797774-8716269","01/26/2021 22:29:54 UTC","1","USD","Completed","Final","Item not satisfactory","0"
"Amazon.com","aO9CoH0YRzShGEm6zACcRg","112-1177769-4113054","01/12/2021 02:13:47 UTC","1","USD","Completed","Final","Customer return","0"
"Amazon.com","gW13a1siSVGq9z1xpbOlXQ","113-3270744-1926631","01/11/2021 18:35:07 UTC","1","USD","Completed","Final","Item not received","0"
"Amazon.com","qRffWPJDSMKof6Tx5HgQRQ","112-5445860-7750606","12/29/2020 05:41:00 UTC","1","USD","Completed","Final","Account adjustment","0"
"Amazon.com","qRffWPJDSMKof6Tx5HgQRQ","112-5445860-7750606","12/29/2020 05:41:00 UTC","1","USD","Completed","Final","Account adjustment","0"
"Amazon.com","BvQPezcbSPunDCf8ARAKGQ","113-3234718-0630647","11/17/2020 01:02:16 UTC","1","USD","Completed","Final","Wrong item was sent","0"
"Amazon.com","MAycEWZpSfaFRvaTDtdE/g","113-0351906-3558630","11/11/2020 11:51:26 UTC","1","USD","Completed","Final","Pre-order price protection","0"
"Amazon.com","2QtkJLvQSy2upX2Q1pVeGQ","111-5762313-2673865","09/11/2020 03:09:21 UTC","1","USD","Completed","Final","Customer return","0"
"Amazon.com","UzPkLo0FQJu767rilYdzTA","113-3667826-9441012","12/07/2019 22:33:08 UTC","1","USD","Completed","Final","Item arrived late","0"
"Amazon.com","9ryHY6zPTTKEd3eWuU8qHg","113-8062003-1787415","08/15/2019 22:15:07 UTC","1","USD","Completed","Final","Customer return","0"
"Amazon.com","20jTuDDIRKaOdA+drRqE4g","113-0477231-6853841","04/13/2019 00:03:35 UTC","1","USD","Completed","Final","Customer return","0"
"Amazon.com","vBK2TApwSUeXdDs0hgF57w","113-0992526-5574615","12/18/2018 07:10:41 UTC","1","USD","Completed","Final","Shipping address is undeliverable","0"
"Amazon.com","PduTP5vWQVW8fNG6Dd0isQ","107-6733660-2359414","01/23/2017 05:53:03 UTC","1","USD","Completed","Final","Customer return","0"
"Amazon.com","kv7t6FZ/QJaE/6GPP+cWTg","108-1841261-1817016","01/10/2017 22:46:40 UTC","1","USD","Completed","Final","Customer return","0"
"Amazon.com","pJJzEqQQQFuyO5Z8GX9xGA","108-1841261-1817016","01/10/2017 22:44:26 UTC","1","USD","Completed","Final","Customer return","0"
"Amazon.com","1x46o5BGSI6mTU5XArYsnw","102-6079821-3313844","02/17/2016 00:10:08 UTC","1","USD","Completed","Final","Customer return","0"
"Amazon.com","KoHaemjzR6K4xKxVCAcLSw","110-3857419-4849039","02/21/2015 00:10:36 UTC","1","USD","Completed","Final","Customer return","0"
"Amazon.com","L+2snQEXRqOVlc3usc+8lw","107-8015917-9720210","12/31/2012 17:45:19 UTC","1","USD","Completed","Final","Customer return","0"
"Amazon.com","Buc/rWuLQBW87EmVVflZVQ","002-6898470-0218650","07/10/2012 23:11:13 UTC","1","USD","Completed","Final","Customer return","0"
"Amazon.com","ZoPh0WvWT9mKALB8dBSTEw","103-4450635-5033853","01/21/2010 17:08:16 UTC","1","USD","Completed","Final","Account adjustment","0"
"Amazon.com","UzDt8KXVSsCDQ3DDGOH/+w","103-3588937-2909419","05/22/2007 18:53:20 UTC","1","USD","Completed","Final","Account adjustment","0"
