﻿"Contract Unit Id","Order Id","Return Receivable Tracking ID","Return Receivable State","Return Receivable Creation Reason","Return Receivable Initiation Date"
"b6d93daf-4326-4bb1-8dd4-dd3ab7a538a0#85ea15f6-2d6c-434a-a8ca-6d29630d2ac7","114-7615997-5029069","23541398531","Closed","AdvancedRefund","2023-03-15T00:22:22.311Z"
"9ef8a44c-bd53-4117-a46c-219c2069a5b8#ee997268-742a-4765-bfa8-53b4859c5c8b","114-7615997-5029069","23541405271","Closed","AdvancedRefund","2023-03-15T00:22:04.409Z"
"b21d71d5-4e44-489f-bace-c1df0b8b6d33#b5d5626a-1502-43e7-9001-339ba65f2eba","112-0452694-5711438","23237907151","Closed","AdvancedRefund","2023-02-26T22:27:55.052Z"
"991452d5-6ae9-4883-aca3-ec7596f8c50f#a85be275-3c61-49b4-b128-e7fa6415e2f4","112-8234290-0192249","16328357081","Expired","ReplacementOrder","2022-02-24T21:12:07.281Z"
"c7f901c8-d24f-48f3-b5f4-28b45dd366e1#784b3998-f8f4-4630-af94-085846940298","112-2523722-7197835","15568385821","Closed","AdvancedRefund","2022-01-11T00:29:01.016Z"
"54a6b165-c785-49d7-bd6f-7efd3b94125f#89b5fd5c-707b-4278-b181-8f4bbeb7850f","112-2157947-1281850","13056320761","Closed","AdvancedRefund","2021-08-05T19:04:21.805Z"
"7dda0ea0-5e31-4fe0-95c7-97772dfaad22#f923016c-e759-427d-ba03-cc6fb118b4f0","112-6902175-8862624","12608793671","Closed","AdvancedRefund","2021-07-02T22:54:24.271Z"
"4423b6a8-344f-461f-9c38-8b00643f414f#fd0bfb31-5388-48d6-b0eb-0fd90e64c049","112-6870765-9583440","12115534971","Expired","ReplacementOrder","2021-05-31T17:40:46.272Z"
"d7e6dc09-6d05-43b8-9be3-984bc5e098ee#88bcfaf0-5551-4157-bde7-19a0a158e872","111-1492796-9958663","11905119471","Closed","AdvancedRefund","2021-05-14T23:49:34.495Z"
"55fcf7d7-885b-4595-a12c-2099ae2c421b#fa956d83-013d-420b-a57a-8db82aec8105","111-1502158-8269022","11327569221","Closed","AdvancedRefund","2021-03-29T20:34:56.910Z"
"6eeffd47-cad4-4018-bfe7-fc9e3154b88d#2bb9da9a-7abe-40ef-be77-a4facc42dbf5","112-1177769-4113054","10366492961","Closed","AdvancedRefund","2021-01-12T02:18:48.106Z"
"e950f39a-1149-4c5d-9556-cf85ac71eef0#52e32548-6049-40d2-aa9f-0614027a627e","111-9977074-7476229","7882686941","Expired","ReplacementOrder","2020-05-29T15:53:53.971Z"
"ade4945b-548a-4a02-b95b-ba9b4d9143cf#1115735a-4442-42e1-b4ec-01bdc85f1264","113-6336976-4398640","6179058201","Expired","ReplacementOrder","2019-10-24T21:56:54.136Z"
"4ebd81a3-f3d3-4787-abd9-28a3e1472e5e#f92502a0-7e80-43b6-a4e9-619ae3565d3b","113-8062003-1787415","5674999531","Closed","AdvancedRefund","2019-08-15T22:20:08.431Z"
"21af386c-c380-48c3-883d-a61f56ddd9b6#b2598052-0913-48f3-add7-b4ad9a02c7ec","113-0477231-6853841","4908895981","Closed","AdvancedRefund","2019-04-13T00:08:36.267Z"
"96865843-0523-46e2-8796-dad01fdbf5ec#6ab404fe-35d5-4180-b15b-c42bbf0a0285","113-0992526-5574615","4318006001","Expired","AdvancedRefund","2018-12-18T07:10:41.819Z"
