﻿"DateAddedToCart","Source","ASIN","CartDomain","CartList","Quantity","OneClickBuyable","ToBeGiftWrapped","PrimeSubscription","Pantry","AddOn"
"06/03/2023 15:36:55 UTC","Retail","B0BDL7R9ZH","Not Applicable","active","1","No","No","No","No","No"
"05/28/2023 17:46:04 UTC","Retail","B076VT2Z1H","Not Applicable","Active","1","Yes","No","No","No","No"
"05/18/2023 18:40:46 UTC","Retail","B0BX3X6W42","Not Applicable","saved","1","No","No","No","No","No"
"05/17/2023 21:10:44 UTC","Retail","B097W651NJ","Not Applicable","saved","1","Yes","No","No","No","No"
"05/07/2023 06:04:17 UTC","Retail","B07W6TR96W","Not Applicable","faulty","1","Yes","No","No","No","No"
"05/01/2023 06:34:14 UTC","Retail","B07STBKKKL","Not Applicable","saved","1","Yes","No","No","No","No"
"04/29/2023 16:46:13 UTC","Retail","B00IMHL9JO","Not Applicable","saved","1","Yes","No","No","No","No"
"04/21/2023 05:58:40 UTC","Retail","B09B7NQT2K","Not Applicable","saved","1","Yes","No","No","No","No"
"04/21/2023 01:28:54 UTC","Retail","B0B446MT34","Not Applicable","saved","1","Yes","No","No","No","No"
"04/02/2023 14:02:57 UTC","Retail","B0BLTV9XV3","Not Applicable","saved","1","Yes","No","No","No","No"
"03/25/2023 04:48:52 UTC","Retail","B07VXPQ8LD","Not Applicable","saved","1","No","No","No","No","No"
"03/24/2023 17:53:13 UTC","Retail","B0B8BGB4W5","Not Applicable","saved","1","Yes","No","No","No","No"
"03/24/2023 06:02:21 UTC","Retail","B003GYOFT4","Not Applicable","saved","1","Yes","No","No","No","No"
"03/23/2023 15:41:23 UTC","Retail","B09GF4TK5T","Not Applicable","saved","1","Yes","No","No","No","No"
"03/16/2023 08:32:54 UTC","Retail","B0967ZVYJK","Not Applicable","saved","1","Yes","No","No","No","No"
"03/07/2023 12:28:07 UTC","Retail","B092PR9TBJ","Not Applicable","saved","1","Yes","No","No","No","No"
"02/27/2023 07:34:12 UTC","Retail","B08FHRGKW3","Not Applicable","saved","1","Yes","No","No","No","No"
"02/23/2023 16:17:23 UTC","Retail","B076VT2Z1H","Not Applicable","saved","1","Yes","No","No","No","No"
"02/09/2023 17:38:32 UTC","Retail","B09GYKJ3WL","Not Applicable","saved","2","Yes","No","No","No","No"
"02/05/2023 04:13:33 UTC","Retail","B0947GYLF3","Not Applicable","saved","1","Yes","No","No","No","No"
"02/05/2023 04:13:09 UTC","Retail","B07GFV1Y9C","Not Applicable","saved","2","Yes","No","No","No","No"
"02/05/2023 04:12:45 UTC","Retail","B08WZ5THJ7","Not Applicable","saved","1","Yes","No","No","No","No"
"02/04/2023 19:05:56 UTC","Retail","B097C3VLLL","Not Applicable","saved","1","Yes","No","No","No","No"
"01/29/2023 11:50:11 UTC","Retail","B01LDYIGZW","Not Applicable","saved","1","Yes","No","No","No","No"
"01/28/2023 21:15:57 UTC","Retail","B08D6QX251","Not Applicable","saved","1","Yes","No","No","No","No"
"01/02/2023 10:17:07 UTC","Retail","B01FH33G5A","Not Applicable","saved","1","Yes","No","No","No","No"
"12/31/2022 06:11:14 UTC","Retail","B099KFQT6B","Not Applicable","saved","1","Yes","No","No","No","No"
"12/09/2022 18:00:28 UTC","Retail","3869931140","Not Applicable","saved","1","Yes","No","No","No","No"
"12/08/2022 16:19:00 UTC","Retail","B0893CNK3L","Not Applicable","saved","1","Yes","No","No","No","No"
"12/07/2022 21:01:02 UTC","Retail","1618372602","Not Applicable","saved","1","Yes","No","No","No","No"
"12/07/2022 20:59:12 UTC","Retail","1621455394","Not Applicable","saved","1","Yes","No","No","No","No"
"12/06/2022 17:28:37 UTC","Retail","B0B1DLFPYC","Not Applicable","saved","1","Yes","No","No","No","No"
"12/06/2022 17:25:52 UTC","Retail","B092MCPLM2","Not Applicable","saved","1","Yes","No","No","No","No"
"10/04/2022 16:53:08 UTC","Retail","B09YCDJDX7","Not Applicable","saved","1","Yes","Yes","No","No","No"
"09/13/2022 01:22:41 UTC","Retail","B092QGL9JT","Not Applicable","saved","1","Yes","Yes","No","No","No"
"09/11/2022 21:41:59 UTC","Retail","B09NPKZ321","Not Applicable","saved","1","Yes","Yes","No","No","No"
"09/07/2022 16:03:18 UTC","Retail","B008CE06ZA","Not Applicable","saved","1","Yes","No","No","No","No"
"08/24/2022 08:11:52 UTC","Retail","B084H3NNZ9","Not Applicable","saved","1","Yes","No","No","No","No"
"07/29/2022 20:30:55 UTC","Retail","B09TSBH5FB","Not Applicable","saved","1","Yes","No","No","No","No"
"07/29/2022 20:29:53 UTC","Retail","B09RZKW9LQ","Not Applicable","saved","1","Yes","No","No","No","No"
"07/29/2022 20:28:53 UTC","Retail","B07283L2QS","Not Applicable","saved","1","Yes","Yes","No","No","No"
"06/18/2022 10:23:36 UTC","Retail","B099PVPNDP","Not Applicable","saved","1","Yes","No","No","No","No"
"06/10/2022 01:07:26 UTC","Retail","B00342VCGM","Not Applicable","saved","1","Yes","No","No","No","No"
"06/10/2022 01:06:22 UTC","Retail","B000LGPD64","Not Applicable","saved","1","Yes","No","No","No","No"
"05/22/2022 13:09:23 UTC","Retail","B085LTKGD4","Not Applicable","saved","1","No","No","No","No","No"
"03/04/2022 13:57:44 UTC","Retail","B003I567W4","Not Applicable","saved","1","Yes","No","No","No","No"
"02/01/2022 01:58:29 UTC","Retail","B01FDFL2RQ","Not Applicable","saved","1","Yes","No","No","No","No"
"01/25/2022 20:51:59 UTC","Retail","B07YPBQSCK","Not Applicable","saved","1","No","No","No","No","No"
"01/18/2022 12:47:23 UTC","Retail","B00R59D4DY","Not Applicable","saved","1","Yes","No","No","No","No"
"01/14/2022 19:47:01 UTC","Retail","B08ZM26BG7","Not Applicable","saved","1","No","No","No","No","No"
"09/20/2021 06:08:26 UTC","Retail","B000C011CE","Not Applicable","saved","1","Yes","No","No","No","No"
"08/10/2021 18:29:42 UTC","Retail","B005B8LZCI","Not Applicable","saved","1","Yes","No","No","No","No"
"02/09/2021 00:54:29 UTC","Retail","B008GG9ZS8","Not Applicable","saved","1","No","No","No","No","No"
"01/19/2021 04:41:27 UTC","Retail","B08GLQBKQK","Not Applicable","saved","1","No","No","No","No","No"
"09/01/2020 17:05:55 UTC","Retail","B004ETD2E4","Not Applicable","saved","1","No","No","No","No","No"
"09/01/2020 17:03:48 UTC","Retail","B07RC2HVJ2","Not Applicable","saved","2","Yes","No","No","No","No"
"05/26/2020 23:29:44 UTC","Retail","B00M9DO1J2","Not Applicable","saved","1","No","No","No","No","No"
"05/26/2020 23:29:37 UTC","Retail","B00IT6KVH4","Not Applicable","saved","1","No","No","No","No","No"
"04/29/2020 22:09:08 UTC","Retail","B005EHILV4","Not Applicable","saved","1","Yes","No","No","No","No"
"03/17/2020 21:55:55 UTC","Retail","B00YCGBSPE","Not Applicable","saved","1","No","No","No","No","No"
"03/17/2020 21:55:31 UTC","Retail","B01DHF5WGQ","Not Applicable","saved","1","No","No","No","No","No"
"03/17/2020 21:55:19 UTC","Retail","B00P75FYWW","Not Applicable","saved","1","No","No","No","No","No"
"02/17/2020 01:17:29 UTC","Retail","B00J4B1JA6","Not Applicable","saved","1","No","No","No","No","No"
"07/02/2019 02:30:10 UTC","Retail","B00F68AJCU","Not Applicable","saved","1","Yes","No","No","No","No"
"07/02/2019 02:29:04 UTC","Retail","B012P861QQ","Not Applicable","saved","1","No","No","No","No","No"
"07/02/2019 02:28:56 UTC","Retail","B012P78BD8","Not Applicable","saved","1","No","No","No","No","No"
"07/02/2019 02:28:28 UTC","Retail","B076XM5V7B","Not Applicable","saved","1","No","No","No","No","No"
