﻿Marketplace,Asin,Title,Author,ContentType,DeliveryDeviceName,LoanCreationDate,LoanAcceptanceDate,LoanStatus,LoanProgram,EndDate,RecipientEmailId,CustomerCountryOfResidence,IsFirstContentLoan
www.amazon.com,B0C4DLJ8L6,"WOOD Magazine","Not Applicable",EMAGAZINE,N/A,2023-05-05,N/A,BORROWED,Kindle Unlimited - Subscription Edition,ACTIVE,N/A,US,false
www.amazon.com,B09TG59HRX,"Perv or Paladin 2: A LitRPG Harem Comedy (Perilous Pursuits)","Andrew Karevik,LitRPG Freaks",EBOOK,N/A,2023-05-01,N/A,RETURNED,Kindle Unlimited,2023-06-02,N/A,US,true
www.amazon.com,B0BNLMTBR4,"He Who Fights with Monsters 9: A LitRPG Adventure","Shirtaloon,Travis Deverell",EBOOK,N/A,2023-05-01,N/A,BORROWED,Kindle Unlimited,ACTIVE,N/A,US,true
www.amazon.com,B0BMQKWH9T,"Ye Wizard's Guide to Goblin Breeds: a fantasy harem story (Wizard's Harem Book 5)","J Foster Ward",EBOOK,N/A,2023-05-01,N/A,RETURNED,Kindle Unlimited,2023-06-02,N/A,US,true
www.amazon.com,B09XLP7V93,"Ye Wizard's Guide to Demon Brides: a fantasy harem story (Wizard's Harem Book 4)","J Foster Ward",EBOOK,N/A,2023-05-01,N/A,BORROWED,Kindle Unlimited,ACTIVE,N/A,US,true
www.amazon.com,B08RCG9CB3,"Ye Wizard's Guide to Cat Scratch Fever: a fantasy harem story (Wizard's Harem Book 3)","J Foster Ward",EBOOK,N/A,2023-05-01,N/A,BORROWED,Kindle Unlimited,ACTIVE,N/A,US,true
www.amazon.com,B08FGQC44H,"Ye Wizard's Guide to Elfen Psychosis: a fantasy harem story (Wizard's Harem Book 2)","J Foster Ward",EBOOK,"Chris's 3rd iPhone",2023-04-25,N/A,RETURNED,Kindle Unlimited,2023-05-01,N/A,US,true
www.amazon.com,B07RC7HVD2,"Moth Busters (Freaky Florida Investigations Book 1)","Margaret Lashley",EBOOK,N/A,2023-04-08,N/A,BORROWED,Kindle Unlimited,ACTIVE,N/A,US,true
www.amazon.com,B0BSHFMLNV,"Wizardom Legends: Castles of Legend (Tor the Dungeon Crawler Book 2)","Jeffrey L. Kohanek",EBOOK,"Chris's 3rd iPhone",2023-03-30,N/A,RETURNED,Kindle Unlimited,2023-05-01,N/A,US,true
www.amazon.com,B0BXCXQ5Q4,"WOOD Magazine","Not Applicable",EMAGAZINE,N/A,2023-03-03,N/A,BORROWED,Kindle Unlimited - Subscription Edition,ACTIVE,N/A,US,false
www.amazon.com,B01MZYIVWZ,"The BIG Book of Alexa Commands: An Independent Guide for Alexa and Amazon Echo Dot. 2000 Fun and Useful Commands to make Amazon Alexa do what YOU want. ... Intelligence Guides Series Book 1)","Echomeister",EBOOK,N/A,2023-02-27,N/A,RETURNED,Kindle Unlimited,2023-06-02,N/A,US,true
www.amazon.com,B079WGX5GF,"Summer Magic (The Thorne Witches Book 1)","T.M. Cromer",EBOOK,N/A,2023-02-27,N/A,BORROWED,Kindle Unlimited,ACTIVE,N/A,US,true
www.amazon.com,B0BSDMDQT1,"Wizardom Legends: Temple of the Unknown: Action, Intrigue, & Humor in a Fast-Paced Fantasy Adventure (Tor the Dungeon Crawler Book 1)","Jeffrey L. Kohanek",EBOOK,N/A,2023-02-15,N/A,RETURNED,Kindle Unlimited,2023-05-01,N/A,US,true
www.amazon.com,B06XVHKDGY,"Anachronist: A Time Travel Adventure (The Infinity Engines Book 1)","Andrew Hastie",EBOOK,N/A,2023-01-26,N/A,BORROWED,Kindle Unlimited,ACTIVE,N/A,US,true
www.amazon.com,B0BBWK3T9T,"He Who Fights with Monsters 8: A LitRPG Adventure","Shirtaloon,Travis Deverell",EBOOK,N/A,2023-01-25,N/A,RETURNED,Kindle Unlimited,2023-03-17,N/A,US,true
www.amazon.com,B0B4KSR9HT,"He Who Fights with Monsters 7: A LitRPG Adventure","Shirtaloon,Travis Deverell",EBOOK,N/A,2023-01-25,N/A,RETURNED,Kindle Unlimited,2023-03-17,N/A,US,true
www.amazon.com,B09VXWGNQH,"He Who Fights with Monsters 6: A LitRPG Adventure","Shirtaloon,Travis Deverell",EBOOK,N/A,2023-01-25,N/A,RETURNED,Kindle Unlimited,2023-02-27,N/A,US,true
www.amazon.com,B0BRS8WQK6,"WOOD Magazine","Not Applicable",EMAGAZINE,N/A,2023-01-06,N/A,BORROWED,Kindle Unlimited - Subscription Edition,ACTIVE,N/A,US,false
www.amazon.com,B0BC4R63SM,"Raider and Rapier Box Set 1","Steve Higgs,Joseph Daniel,Bryan Arneson",EBOOK,N/A,2023-01-03,N/A,BORROWED,Kindle Unlimited,ACTIVE,N/A,US,true
www.amazon.com,B0BM7XQTZF,"Squire of Hell: An Isekai Light Novel Harem Fantasy Adventure","Troy Maverick",EBOOK,N/A,2022-12-07,N/A,BORROWED,Kindle Unlimited,ACTIVE,N/A,US,true
www.amazon.com,B09C5FKVQ5,"Monster Trainer Academy: A Progression Portal Adventure","S. A.  Archer",EBOOK,N/A,2022-12-07,N/A,BORROWED,Kindle Unlimited,ACTIVE,N/A,US,true
www.amazon.com,B0812822L3,"Starship Sakira (Delphi in Space Book 1)","Bob Blanton,Momir Borocki,Ann Clark",EBOOK,N/A,2022-12-07,N/A,BORROWED,Kindle Unlimited,ACTIVE,N/A,US,true
www.amazon.com,B091BLJ3MP,"Lazy Dragon Queen: A Cozy Harem LitRPG (Volume 1)","Ace Arriande",EBOOK,N/A,2022-12-07,N/A,BORROWED,Kindle Unlimited,ACTIVE,N/A,US,true
www.amazon.com,B09P341HYL,"Perv or Paladin: A LitRPG Harem Comedy (Perilous Pursuits Book 1)","Andrew Karevik,LitRPG Freaks",EBOOK,N/A,2022-12-07,N/A,RETURNED,Kindle Unlimited,2023-06-02,N/A,US,true
www.amazon.com,B086Q4ST3G,"Ye Wizards' Guide to Sacred Virgins: a fantasy harem story (Wizard's Harem Book 1)","J Foster Ward",EBOOK,N/A,2022-12-07,N/A,RETURNED,Kindle Unlimited,2023-06-02,N/A,US,true
www.amazon.com,B09NF3WF1S,"He Who Fights with Monsters 5: A LitRPG Adventure","Shirtaloon,Travis Deverell",EBOOK,"Chris's 3rd iPhone",2022-12-01,N/A,RETURNED,Kindle Unlimited,2023-01-25,N/A,US,true
www.amazon.com,B0BMTQ4K26,"WOOD Magazine","Not Applicable",EMAGAZINE,N/A,2022-11-18,N/A,BORROWED,Kindle Unlimited - Subscription Edition,ACTIVE,N/A,US,false
www.amazon.com,B09D2B9G48,"He Who Fights with Monsters 4: A LitRPG Adventure","Shirtaloon,Travis Deverell",EBOOK,"Chris's 3rd iPhone",2022-11-10,N/A,RETURNED,Kindle Unlimited,2022-12-07,N/A,US,true
www.amazon.com,B0BD6BGGH7,"Marchwood: A Cozy Fantasy Novel (Book One) (Marchwood: A Cozy Fantasy Novel Series 1)","R. A. Lorensen",EBOOK,N/A,2022-10-28,N/A,BORROWED,Kindle Unlimited,ACTIVE,N/A,US,true
www.amazon.com,B09443F69P,"He Who Fights with Monsters 3: A LitRPG Adventure","Shirtaloon,Travis Deverell",EBOOK,"Chris's 3rd iPhone",2022-10-22,N/A,RETURNED,Kindle Unlimited,2022-11-10,N/A,US,true
www.amazon.com,B08XVT2FKW,"He Who Fights with Monsters 2: A LitRPG Adventure","Shirtaloon,Travis Deverell",EBOOK,"Chris's 3rd iPhone",2022-10-09,N/A,RETURNED,Kindle Unlimited,2022-11-10,N/A,US,true
www.amazon.com,B0BHKD3XDL,"WOOD Magazine","Not Applicable",EMAGAZINE,N/A,2022-10-07,N/A,BORROWED,Kindle Unlimited - Subscription Edition,ACTIVE,N/A,US,false
www.amazon.com,B08WCT9W26,"He Who Fights with Monsters: A LitRPG Adventure","Shirtaloon,Travis Deverell",EBOOK,N/A,2022-09-21,N/A,RETURNED,Kindle Unlimited,2022-11-10,N/A,US,true
www.amazon.com,B093H2X5P2,"Descend- Seeing Stars: A Litrpg, Sci-fi Adventure","David Burke",EBOOK,N/A,2022-08-29,N/A,RETURNED,Kindle Unlimited,2022-09-13,N/A,US,true
www.amazon.com,B08WWMGKWC,"Descend- Bursting Out: A litrpg adventure","David Burke,Celestian Rince",EBOOK,N/A,2022-08-29,N/A,RETURNED,Kindle Unlimited,2022-09-13,N/A,US,true
www.amazon.com,B08S1P8PV3,"Descend- Going Deeper","David  Burke",EBOOK,N/A,2022-08-29,N/A,RETURNED,Kindle Unlimited,2022-09-13,N/A,US,true
www.amazon.com,B08M59DX92,"Descend- Coming Together","David Burke,Celestian Rince",EBOOK,N/A,2022-08-29,N/A,RETURNED,Kindle Unlimited,2022-09-13,N/A,US,true
www.amazon.com,B09YQ5Z1YW,"Mission in the East: (Path of the Ranger Book 14)","Pedro Urvi",EBOOK,N/A,2022-08-27,N/A,BORROWED,Kindle Unlimited,ACTIVE,N/A,US,true
www.amazon.com,B0BB6DVRHZ,"WOOD Magazine","Not Applicable",EMAGAZINE,N/A,2022-08-19,N/A,BORROWED,Kindle Unlimited - Subscription Edition,ACTIVE,N/A,US,false
www.amazon.com,B09R4N6QJD,"Arcane Call: (Path of the Ranger Book 13)","Pedro Urvi",EBOOK,N/A,2022-08-09,N/A,RETURNED,Kindle Unlimited,2022-08-26,N/A,US,true
www.amazon.com,B09K4HSSG1,"Dragon Spirit: (Path of the Ranger Book 12)","Pedro Urvi",EBOOK,N/A,2022-08-09,N/A,RETURNED,Kindle Unlimited,2022-08-26,N/A,US,true
www.amazon.com,B09B6J2J52,"Frozen Origins: (Path of the Ranger Book 11)","Pedro Urvi",EBOOK,N/A,2022-08-09,N/A,RETURNED,Kindle Unlimited,2022-08-26,N/A,US,true
www.amazon.com,B093DZ8K3Z,"The Great Council: (Path of the Ranger Book 10)","Pedro Urvi",EBOOK,N/A,2022-08-09,N/A,RETURNED,Kindle Unlimited,2022-08-26,N/A,US,true
www.amazon.com,B08TV5XKH5,"Power Conspiracy: (Path of the Ranger Book 9)","Pedro Urvi,Sarima",EBOOK,"Chris's iPhone",2022-08-09,N/A,RETURNED,Kindle Unlimited,2022-08-26,N/A,US,true
www.amazon.com,B08GQBY3MX,"Descend- First Steps","David  Burke,Celestian Rince",EBOOK,N/A,2022-08-07,N/A,RETURNED,Kindle Unlimited,2022-08-31,N/A,US,true
www.amazon.com,B08LNFY6KB,"The Turquoise Queen: (Path of the Ranger Book 8)","Pedro Urvi",EBOOK,"Chris's 3rd iPhone",2022-08-05,N/A,RETURNED,Kindle Unlimited,2022-08-09,N/A,US,true
www.amazon.com,B08DL2YXSK,"The King of the West: (Path of the Ranger Book 7)","Pedro Urvi",EBOOK,N/A,2022-07-27,N/A,RETURNED,Kindle Unlimited,2022-08-09,N/A,US,true
www.amazon.com,B0892PX5WR,"Path of the Specialist: (Path of the Ranger Book 6)","Pedro Urvi",EBOOK,N/A,2022-07-27,N/A,RETURNED,Kindle Unlimited,2022-08-09,N/A,US,true
www.amazon.com,B0872DF6CD,"The Secret Refuge: (Path of the Ranger Book 5)","Pedro Urvi",EBOOK,"Chris's 3rd iPhone",2022-07-22,N/A,RETURNED,Kindle Unlimited,2022-07-27,N/A,US,true
www.amazon.com,B082V9T21D,"Treason in the North: (Path of the Ranger Book 4)","Pedro Urvi,Sarima",EBOOK,N/A,2022-07-05,N/A,RETURNED,Kindle Unlimited,2022-07-27,N/A,US,true
www.amazon.com,B082VB4Q9T,"Mystery in the Tundra: (Path of the Ranger Book 3)","Pedro Urvi,Sarima",EBOOK,N/A,2022-07-05,N/A,RETURNED,Kindle Unlimited,2022-07-27,N/A,US,true
www.amazon.com,B082V9M127,"The King's Secret: (Path of the Ranger Book 2)","Pedro Urvi,Sarima",EBOOK,N/A,2022-07-05,N/A,RETURNED,Kindle Unlimited,2022-07-27,N/A,US,true
www.amazon.com,B0B5KKQNRP,"WOOD Magazine","Dotdash Meredith",EMAGAZINE,N/A,2022-07-01,N/A,BORROWED,Kindle Unlimited - Subscription Edition,ACTIVE,N/A,US,false
www.amazon.com,B082V98PTC,"The Traitor's Son: (Path of the Ranger Book 1)","Pedro Urvi",EBOOK,N/A,2022-06-30,N/A,RETURNED,Kindle Unlimited,2022-07-27,N/A,US,true
www.amazon.com,B09S15GDTG,"Supernatural Inc. 3: A Paranormal Harem Mystery","Simon Archer",EBOOK,"Chris's 3rd iPhone",2022-06-24,N/A,RETURNED,Kindle Unlimited,2022-07-05,N/A,US,true
www.amazon.com,B09ZTCX4NR,"Immortal Family (A Mage's Cultivation Book 6)","Bruce Sentar",EBOOK,"Chris's 3rd iPhone",2022-06-24,N/A,RETURNED,Kindle Unlimited,2022-07-05,N/A,US,true
www.amazon.com,B00FRVH3V6,"The Blood of Olympus (The Heroes of Olympus, Book 5)","Rick Riordan",EBOOK,"Chris's 3rd iPhone",2022-06-15,N/A,RETURNED,Kindle Unlimited,2022-07-05,N/A,US,true
www.amazon.com,B00BXQCHXI,"The House of Hades (The Heros of Olympus, Book 4)","Rick Riordan",EBOOK,"Chris's 3rd iPhone",2022-06-05,N/A,RETURNED,Kindle Unlimited,2022-07-05,N/A,US,true
www.amazon.com,B007TBZ63Y,"The Mark of Athena (The Heroes of Olympus, Book 3)","Rick Riordan",EBOOK,"Chris's 3rd iPhone",2022-05-28,N/A,RETURNED,Kindle Unlimited,2022-07-05,N/A,US,true
www.amazon.com,B0053TMP24,"The Son of Neptune (The Heroes of Olympus Book 2)","Rick Riordan",EBOOK,"Chris's 3rd iPhone",2022-05-22,N/A,RETURNED,Kindle Unlimited,2022-07-05,N/A,US,true
www.amazon.com,B003TSEL7S,"The Lost Hero (The Heroes of Olympus, Book 1)","Rick Riordan",EBOOK,N/A,2022-05-13,N/A,RETURNED,Kindle Unlimited,2022-07-05,N/A,US,true
www.amazon.com,B09VCX66C2,"Rogan's Monsters: The Complete Trilogy","Jack Porter",EBOOK,N/A,2022-05-12,N/A,RETURNED,Kindle Unlimited,2022-11-10,N/A,US,true
www.amazon.com,B09TV6XFD5,"Bestiary 3: Men's Fantasy Adventure","Kirk Mason",EBOOK,N/A,2022-05-12,N/A,RETURNED,Kindle Unlimited,2022-07-27,N/A,US,true
www.amazon.com,B00280LYHS,"The Last Olympian (Percy Jackson and the Olympians, Book 5)","Rick Riordan",EBOOK,"Chris's 3rd iPhone",2022-05-09,N/A,RETURNED,Kindle Unlimited,2022-05-12,N/A,US,true
www.amazon.com,B00280LYIM,"Battle of the Labyrinth, The (Percy Jackson and the Olympians, Book 4)","Rick Riordan",EBOOK,"Chris's 3rd iPhone",2022-05-07,N/A,RETURNED,Kindle Unlimited,2022-05-12,N/A,US,true
www.amazon.com,B09ZNXQPZR,"WOOD Magazine","Dotdash Meredith",EMAGAZINE,N/A,2022-05-06,N/A,BORROWED,Kindle Unlimited - Subscription Edition,ACTIVE,N/A,US,false
www.amazon.com,B00280LYI2,"Titan's Curse, The (Percy Jackson and the Olympians, Book 3)","Rick Riordan",EBOOK,"Chris's 3rd iPhone",2022-05-04,N/A,RETURNED,Kindle Unlimited,2022-05-12,N/A,US,true
www.amazon.com,B00280LYHI,"Sea of Monsters, The (Percy Jackson and the Olympians, Book 2)","Rick Riordan",EBOOK,"Chris's 3rd iPhone",2022-05-02,N/A,RETURNED,Kindle Unlimited,2022-05-12,N/A,US,true
www.amazon.com,B0919TZ13T,"The Meerling Invasion : A Science Fiction Harem Adventure Novel","Roland Carlsson",EBOOK,"Chris's iPhone",2022-04-20,N/A,RETURNED,Kindle Unlimited,2022-04-29,N/A,US,true
www.amazon.com,B09S3S68MZ,"Minotaur's Maze of Monster Girls: The Complete Series : An Omnibus of Epic LitRPG Harem Fantasy Adventure (Maidens of Mixonia)","Marcus Sloss",EBOOK,"Chris's 3rd iPhone",2022-04-17,N/A,RETURNED,Kindle Unlimited,2022-04-29,N/A,US,true
www.amazon.com,B09NQDQ32W,"The Fire Mage Chronicles Complete Series: Books 1-3","Roland  Carlsson",EBOOK,"Chris's 3rd iPhone",2022-04-04,N/A,RETURNED,Kindle Unlimited,2022-04-17,N/A,US,true
www.amazon.com,B09J45C9V6,"Immortal Mana (A Mage's Cultivation Book 4)","Bruce Sentar",EBOOK,"Chris's 3rd iPhone",2022-03-18,N/A,RETURNED,Kindle Unlimited,2022-04-17,N/A,US,true
www.amazon.com,B09S3K4VNY,"Immortal Blood (A Mage's Cultivation Book 5)","Bruce Sentar",EBOOK,"Chris's 3rd iPhone",2022-03-18,N/A,RETURNED,Kindle Unlimited,2022-04-17,N/A,US,true
www.amazon.com,B09TG1L7PH,"Survivors 3: A Lost World Harem","Jack Porter",EBOOK,"Chris's 3rd iPhone",2022-03-13,N/A,RETURNED,Kindle Unlimited,2022-03-18,N/A,US,true
www.amazon.com,B099ZH965J,"Gryff the Griffin Rider: Omnibus Book 1 - 5","Marcus  Sloss",EBOOK,N/A,2022-03-13,N/A,RETURNED,Kindle Unlimited,2022-04-17,N/A,US,true
www.amazon.com,B09TVT6TD6,"WOOD Magazine","Dotdash Meredith",EMAGAZINE,N/A,2022-03-04,N/A,BORROWED,Kindle Unlimited - Subscription Edition,ACTIVE,N/A,US,false
www.amazon.com,B09DZ3B6S6,"Pirate Lord Omnibus Boxset Books 1-3: Fantasy Harem Adventure (An Elven Pirate Lord)","Marcus Sloss,Dutch Palmer",EBOOK,"Chris's 3rd iPhone",2022-02-22,N/A,RETURNED,Kindle Unlimited,2022-04-17,N/A,US,true
www.amazon.com,B09R9484H2,"Tribe Master 7: A Fantasy Harem Adventure","Noah Layton",EBOOK,"Chris's 3rd iPhone",2022-02-13,N/A,RETURNED,Kindle Unlimited,2022-03-18,N/A,US,true
www.amazon.com,B09MRBHS85,"Survivors 2: A Lost World Harem","Jack Porter",EBOOK,N/A,2022-02-10,N/A,RETURNED,Kindle Unlimited,2022-03-18,N/A,US,true
www.amazon.com,B09PSDNBYZ,"Damsels of Jormia: The Complete Series: An Isekai Adventure (An Isekai Fantasy Series)","Marcus  Sloss",EBOOK,N/A,2022-02-04,N/A,RETURNED,Kindle Unlimited,2022-03-18,N/A,US,true
www.amazon.com,B00TFX01NY,"The Neuropathy Cure: How to Effectively Treat Peripheral Neuropathy - 2nd Edition (Peripheral Neuropathy, Diabetes, Intervention Therapy, Spinal Cord, Drug Therapy, Chronic Pain, Biofeedback Book 1)","Andrew Hill",EBOOK,N/A,2022-01-31,N/A,BORROWED,Kindle Unlimited,ACTIVE,N/A,US,true
www.amazon.com,B07JGB8Y5P,"Diabetic's Delight: Bread & Breakfast: Manage Diabetes with Delicious Bread and Breakfast Recipes You Love","David Maxwell",EBOOK,N/A,2022-01-31,N/A,RETURNED,Kindle Unlimited,2022-08-27,N/A,US,true
www.amazon.com,B09648K178,"The Diabetic Cookbook for Beginners : The Must-Have Guide For Newly Diagnosed. A 28-Day Meal Plan With Over 500 Easy And Healthy Recipes For Prediabetes And Manage Type 2 Diabetes.","Marily Smith",EBOOK,N/A,2022-01-31,N/A,RETURNED,Kindle Unlimited,2022-08-27,N/A,US,true
www.amazon.com,B07CZSYHGF,"Diabetic Cookbook and Meal Plan for the Newly Diagnosed: A 4-Week Introductory Guide to Manage Type 2 Diabetes","Lori Zanini RD CDE",EBOOK,N/A,2022-01-31,N/A,RETURNED,Kindle Unlimited,2022-08-27,N/A,US,true
www.amazon.com,B0991JHG7W,"Legendary Rule: Book Three","Bruce Sentar",EBOOK,N/A,2022-01-26,N/A,RETURNED,Kindle Unlimited,2022-02-04,N/A,US,true
www.amazon.com,B088F9NM7Q,"Legendary Rule: Book Two","Bruce Sentar",EBOOK,"Chris's 3rd iPhone",2022-01-21,N/A,RETURNED,Kindle Unlimited,2022-01-26,N/A,US,true
www.amazon.com,B09K7VDQLY,"Bestiary 2: Slice of Life Men's Fantasy","Kirk Mason",EBOOK,"Chris's 3rd iPhone",2022-01-11,N/A,RETURNED,Kindle Unlimited,2022-01-15,N/A,US,true
www.amazon.com,B09PYPF86Z,"WOOD Magazine","Dotdash Meredith",EMAGAZINE,N/A,2022-01-07,N/A,BORROWED,Kindle Unlimited - Subscription Edition,ACTIVE,N/A,US,false
www.amazon.com,B099HY53T4,"Survivors: A Lost World Harem","Jack Porter",EBOOK,"Chris's iPhone",2022-01-04,N/A,RETURNED,Kindle Unlimited,2022-03-18,N/A,US,true
www.amazon.com,B09NYKWT48,"The Portal, the Plumber, and the Princesses: A Men’s Adventure Fantasy Novel","Chase Danger",EBOOK,"Chris's iPhone",2022-01-04,N/A,RETURNED,Kindle Unlimited,2022-01-15,N/A,US,true
www.amazon.com,B082S4NG1Z,"Legendary Rule: Book One","Bruce Sentar",EBOOK,"Chris's iPhone",2022-01-04,N/A,RETURNED,Kindle Unlimited,2022-02-04,N/A,US,true
www.amazon.com,B00280LYIC,"Lightning Thief, The (Percy Jackson and the Olympians, Book 1)","Rick Riordan",EBOOK,N/A,2022-01-04,N/A,RETURNED,Kindle Unlimited,2022-05-12,N/A,US,true
www.amazon.com,B094N4JXR1,"Alex in Haremland: An Alice in Wonderland Spoof","Logan Jacobs",EBOOK,"Chris's iPhone",2021-12-26,N/A,RETURNED,Kindle Unlimited,2022-01-04,N/A,US,true
www.amazon.com,B08Y99BDYJ,"Mana Immortal (A Mage's Cultivation Book 3)","Bruce Sentar",EBOOK,"Chris's 3rd iPhone",2021-12-19,N/A,RETURNED,Kindle Unlimited,2021-12-23,N/A,US,true
www.amazon.com,B08S48NFK1,"Mana Beast (A Mage's Cultivation Book 2)","Bruce Sentar",EBOOK,"Chris's 3rd iPhone",2021-12-15,N/A,RETURNED,Kindle Unlimited,2021-12-23,N/A,US,true
www.amazon.com,B07R818YQ3,"A Mark of Kings (The Shattered Reigns Book 1)","Bryce O'Connor,Luke Chmilenko",EBOOK,N/A,2021-12-12,N/A,BORROWED,Kindle Unlimited,ACTIVE,N/A,US,true
www.amazon.com,B08MDHLY6V,"Mana Master (A Mage's Cultivation Book 1)","Bruce Sentar",EBOOK,"Chris's 3rd iPhone",2021-12-10,N/A,RETURNED,Kindle Unlimited,2021-12-23,N/A,US,true
www.amazon.com,B08FJF8C7T,"Monster Girl Defense Force","Simon Archer",EBOOK,N/A,2021-12-08,N/A,RETURNED,Kindle Unlimited,2022-04-17,N/A,US,true
www.amazon.com,B09JM57BKQ,"Wild Gold: A Harem Fantasy Adventure (Doc Wilde Book 1)","Sam Hunter",EBOOK,N/A,2021-12-08,N/A,RETURNED,Kindle Unlimited,2021-12-26,N/A,US,true
www.amazon.com,B09KRF7DPJ,"Supernatural Inc.: A Paranormal Harem Mystery","Simon Archer",EBOOK,N/A,2021-12-08,N/A,RETURNED,Kindle Unlimited,2022-01-04,N/A,US,true
www.amazon.com,B09HCH3H4K,"Class Roar : Harem Fantasy For Men (Shifter U Book 1)","Sam Hunter",EBOOK,N/A,2021-12-08,N/A,RETURNED,Kindle Unlimited,2021-12-26,N/A,US,true
www.amazon.com,B09HSZKVS3,"Bestiary: Slice of Life Fantasy for Men","Kirk Mason",EBOOK,N/A,2021-12-08,N/A,RETURNED,Kindle Unlimited,2022-01-15,N/A,US,true
www.amazon.com,B09KR2P6DP,"Dungeon Scumbag 1: A Pulp Fantasy Men's Adventure","Chet Hardacre",EBOOK,N/A,2021-11-26,N/A,RETURNED,Kindle Unlimited,2021-12-23,N/A,US,true
www.amazon.com,B096W9L3T2,"Elemental Summoner 3: A Chakra Cultivation Harem Portal series","D. Levesque,Dutch Palmer",EBOOK,N/A,2021-11-26,N/A,RETURNED,Kindle Unlimited,2021-12-08,N/A,US,true
www.amazon.com,B091PGR3ZJ,"Elemental Summoner 2: A Chakra Cultivation Portal series","D. Levesque,Tiffanie Belkin",EBOOK,N/A,2021-11-26,N/A,RETURNED,Kindle Unlimited,2021-12-08,N/A,US,true
www.amazon.com,B08WRC68TR,"The Retired S Ranked Adventurer : Volume I (Light Novel) (The Shatterfist Book 1)","Wolfe Locke,James Falcon,Ahmet Nergiz",EBOOK,N/A,2021-11-19,N/A,RETURNED,Kindle Unlimited,2023-02-27,N/A,US,true
www.amazon.com,B08WRNJXQ2,"Elemental Summoner 1: A Chakra Cultivation Portal series","D. Levesque,Tiffanie Belkin",EBOOK,N/A,2021-11-19,N/A,RETURNED,Kindle Unlimited,2021-12-08,N/A,US,true
www.amazon.com,B09LZKYQQ6,"Resurrected as a Drow","Logan Jacobs",EBOOK,N/A,2021-11-19,N/A,RETURNED,Kindle Unlimited,2022-04-17,N/A,US,true
www.amazon.com,B09M86DC7T,"WOOD Magazine","Dotdash Meredith",EMAGAZINE,N/A,2021-11-19,N/A,BORROWED,Kindle Unlimited - Subscription Edition,ACTIVE,N/A,US,false
www.amazon.com,B094K2F5DV,"Empire Builder 2","Dante King",EBOOK,"Chris's 3rd iPhone",2021-11-17,N/A,RETURNED,Kindle Unlimited,2021-11-26,N/A,US,true
www.amazon.com,B09J5D9PWY,"WOOD Magazine","Dotdash Meredith",EMAGAZINE,N/A,2021-11-09,N/A,BORROWED,Kindle Unlimited - Subscription Edition,ACTIVE,N/A,US,false
www.amazon.com,B005REE86Q,"WOOD Magazine","Dotdash Meredith",EMAGAZINE_SUBSCRIPTION,N/A,2021-11-09,N/A,BORROWED,Kindle Unlimited - Periodical,ACTIVE,N/A,N/A,false
www.amazon.com,B08Y5R3R88,"Empire Builder 1: Breed, Populate, Conquer","Dante King",EBOOK,N/A,2021-11-09,N/A,RETURNED,Kindle Unlimited,2021-11-19,N/A,US,true
www.amazon.com,B09KPLQDMS,"Aether Mage 2","Dante King",EBOOK,N/A,2021-11-08,N/A,RETURNED,Kindle Unlimited,2021-11-19,N/A,US,true
www.amazon.com,B098PXFV36,"Werepanther: Paranormal Hunter","Logan Jacobs",EBOOK,N/A,2021-10-27,N/A,RETURNED,Kindle Unlimited,2023-02-27,N/A,US,true
www.amazon.com,B09F5Y5G3D,"God Killer","Jack Porter",EBOOK,N/A,2021-10-27,N/A,RETURNED,Kindle Unlimited,2023-02-27,N/A,US,true
www.amazon.com,B09GG8XF9J,"Aether Mage 1","Dante King",EBOOK,N/A,2021-10-27,N/A,RETURNED,Kindle Unlimited,2021-11-19,N/A,US,true
www.amazon.com,B089YB9M4M,"Monster Girl Base","Logan Jacobs",EBOOK,N/A,2021-10-20,N/A,RETURNED,Kindle Unlimited,2021-10-27,N/A,US,false
www.amazon.com,B09JT5K6S3,"Monster Girl Islands 16","Logan Jacobs",EBOOK,N/A,2021-10-20,N/A,RETURNED,Kindle Unlimited,2021-10-27,N/A,US,true
www.amazon.com,B09661RMHZ,"Wyvern Academy Box Set Volumes 1-5: Path of Ascension","Atlas Kane,Grayson Sinclair",EBOOK,N/A,2021-09-08,N/A,RETURNED,Kindle Unlimited,2021-10-20,N/A,US,true
www.amazon.com,B09F2PM29G,"Monster Girl Islands 15","Logan Jacobs",EBOOK,N/A,2021-09-02,N/A,RETURNED,Kindle Unlimited,2021-09-08,N/A,US,true
www.amazon.com,B0998DP8XW,"Monster Girl Islands 14","Logan Jacobs",EBOOK,N/A,2021-08-16,N/A,RETURNED,Kindle Unlimited,2021-09-02,N/A,US,true
www.amazon.com,B0971VKC5Y,"Champion of Deania (Spellheart Book 6)","Marvin Knight",EBOOK,"Chris's 3rd iPhone",2021-08-08,N/A,RETURNED,Kindle Unlimited,2021-08-16,N/A,US,true
www.amazon.com,B08YPB9KHP,"Chief of the Blackgorge (Spellheart Book 5)","Marvin Knight",EBOOK,N/A,2021-07-24,N/A,RETURNED,Kindle Unlimited,2021-08-16,N/A,US,true
www.amazon.com,B08MKY8S4K,"Legacy of Vanished Friends (Spellheart Book 4)","Marvin Knight",EBOOK,N/A,2021-07-24,N/A,RETURNED,Kindle Unlimited,2021-08-16,N/A,US,true
www.amazon.com,B08BHRKZ5C,"Memories of the Reborn (Spellheart Book 3)","Marvin Knight",EBOOK,N/A,2021-07-04,N/A,RETURNED,Kindle Unlimited,2021-07-24,N/A,US,true
www.amazon.com,B0978BSMQS,"Monster Girl Islands 13","Logan Jacobs",EBOOK,N/A,2021-07-04,N/A,RETURNED,Kindle Unlimited,2021-09-02,N/A,US,true
www.amazon.com,B0833FFHDR,"Secrets of the Hearthwood (Spellheart Book 2)","Marvin Knight",EBOOK,"Chris's 3rd iPhone",2021-06-26,N/A,RETURNED,Kindle Unlimited,2021-07-04,N/A,US,true
www.amazon.com,B078L2RCL1,"Alexa: 1001 Tips and Tricks How To Use Your Amazon Alexa devices (Amazon Echo, Second Generation Echo, Echo Show, Amazon Echo Look, Echo Plus, Echo Spot, ... app,alexa dot,alexa tips,internet)","Alexa Adams",EBOOK,N/A,2021-06-21,N/A,RETURNED,Kindle Unlimited,2023-02-27,N/A,US,true
www.amazon.com,B07T99LC19,"Zeal of the Mind and Flesh (Spellheart Book 1)","Marvin Knight",EBOOK,"Chris's 3rd iPhone",2021-06-17,N/A,RETURNED,Kindle Unlimited,2021-07-04,N/A,US,true
www.amazon.com,B08BZHC3XZ,"Bounty Hunting: For Gold and Revenge","Noah Layton",EBOOK,N/A,2021-06-07,N/A,RETURNED,Kindle Unlimited,2021-08-16,N/A,US,true
www.amazon.com,B096SYYX28,"Tribe Master 5: A Fantasy Harem Adventure","Noah Layton",EBOOK,N/A,2021-06-07,N/A,RETURNED,Kindle Unlimited,2022-04-17,N/A,US,true
www.amazon.com,B088TWJZJN,"Tribe Master 4: A Fantasy Harem Adventure","Noah Layton",EBOOK,"Chris's 3rd iPhone",2021-06-02,N/A,RETURNED,Kindle Unlimited,2021-06-07,N/A,US,true
www.amazon.com,B08H5RPTRP,"The OP MC: God of Winning","Logan Jacobs",EBOOK,N/A,2021-06-02,N/A,RETURNED,Kindle Unlimited,2021-06-07,N/A,US,true
www.amazon.com,B093MJHLTZ,"SUMMARY OF 5 LOVE LANGUAGES BY GARY CHAPMAN: FOR COUPLES LASTING RELATIONSHIP","Megan A.  Sorensen",EBOOK,N/A,2021-06-01,N/A,LOAN EXPIRED,Kindle Unlimited,2021-06-01,N/A,US,true
www.amazon.com,B095X91BHX,"Summary of The 5 Love Languages: The Secret to Love That Lasts By Gary Chapman","Thorough Summaries",EBOOK,N/A,2021-06-01,N/A,RETURNED,Kindle Unlimited,2021-11-19,N/A,US,true
www.amazon.com,B092YXB8HM,"Monster Girl Islands 12","Logan Jacobs",EBOOK,N/A,2021-05-19,N/A,RETURNED,Kindle Unlimited,2021-06-02,N/A,US,true
www.amazon.com,B07C31XJGP,"No-Nonsense Buddhism for Beginners: Clear Answers to Burning Questions About Core Buddhist Teachings","Noah Rasheta",EBOOK,N/A,2021-05-03,N/A,RETURNED,Kindle Unlimited,2021-06-02,N/A,US,true
www.amazon.com,B07KYYF6GY,"The Addiction Recovery Workbook: Powerful Skills for Preventing Relapse Every Day","Paula A Freedman PsyD",EBOOK,N/A,2021-04-30,N/A,RETURNED,Kindle Unlimited,2021-11-19,N/A,US,true
www.amazon.com,B088LNQ3CF,"Mental Health Workbook: 6 Books in 1: The Attachment Theory, Abandonment Anxiety, Depression in Relationships, Addiction, Complex PTSD, Trauma, CBT Therapy, EMDR and Somatic Psychotherapy","Emily Attached",EBOOK,N/A,2021-04-30,N/A,RETURNED,Kindle Unlimited,2021-11-19,N/A,US,true
www.amazon.com,B08WBSQ4S9,"Cognitive Behavioral Therapy: The Guide to Beat Stress, Ease Anxiety and Become Worry Free","Raymond  Stevenson",EBOOK,N/A,2021-04-30,N/A,RETURNED,Kindle Unlimited,2021-11-19,N/A,US,true
www.amazon.com,B08KSG7729,"Monster Girl Islands 8","Logan Jacobs",EBOOK,"Chris's 3rd iPhone",2021-03-27,N/A,RETURNED,Kindle Unlimited,2021-05-06,N/A,US,true
www.amazon.com,B08S357MP9,"Monster Girl Islands 10","Logan Jacobs",EBOOK,N/A,2021-03-27,N/A,RETURNED,Kindle Unlimited,2021-05-22,N/A,US,true
www.amazon.com,B08WPM9H59,"Monster Girl Islands 11","Logan Jacobs",EBOOK,N/A,2021-03-27,N/A,RETURNED,Kindle Unlimited,2021-05-22,N/A,US,true
www.amazon.com,B08NY8786F,"Monster Girl Islands 9","Logan Jacobs",EBOOK,"Chris's 3rd iPhone",2021-03-27,N/A,RETURNED,Kindle Unlimited,2021-05-06,N/A,US,true
www.amazon.com,B08HR9GHN9,"Monster Girl Islands 7","Logan Jacobs",EBOOK,"Chris's 3rd iPhone",2021-03-05,N/A,RETURNED,Kindle Unlimited,2021-03-27,N/A,US,true
www.amazon.com,B08K75NG4L,"Making Monster Girls 6: For Science! (Making Monster Girls (Completed Series))","Eric Vall",EBOOK,N/A,2021-01-23,N/A,RETURNED,Kindle Unlimited,2021-03-27,N/A,US,true
www.amazon.com,B08SKNXD2Y,"Making Monster Girls 8: For Science! (Making Monster Girls (Completed Series))","Eric Vall",EBOOK,N/A,2021-01-23,N/A,RETURNED,Kindle Unlimited,2021-04-30,N/A,US,true
www.amazon.com,B08MX5J8KQ,"Making Monster Girls 7: For Science! (Making Monster Girls (Completed Series))","Eric Vall",EBOOK,N/A,2021-01-23,N/A,RETURNED,Kindle Unlimited,2021-04-30,N/A,US,true
www.amazon.com,B07MW85XYP,"God of Magic","Logan Jacobs",EBOOK,"Chris's 3rd iPhone",2020-12-14,N/A,RETURNED,Kindle Unlimited,2021-04-30,N/A,US,true
www.amazon.com,B01MYPKFII,"The Celts: Blood, Iron and the Forgotten History of the Celts (British History Books)","Patrick Auerbach",EBOOK,N/A,2020-11-15,N/A,RETURNED,Kindle Unlimited,2021-03-27,N/A,US,true
www.amazon.com,B08KYHRPZY,"Alexa: 999 Best Things You Need to Know About Your Amazon Alexa Devices (Amazon Echo , Echo Show , Amazon Echo Look , Echo Plus , Echo Spot , Fire TV Alexa App etc Book 1)","Alex Allington",EBOOK,"Chris's iPhone",2020-10-13,N/A,RETURNED,Kindle Unlimited,2021-03-27,N/A,US,true
www.amazon.com,B088KPV4X8,"Making Monster Girls 3: For Science! (Making Monster Girls (Completed Series))","Eric Vall",EBOOK,"Chris's 3rd iPhone",2020-09-18,N/A,RETURNED,Kindle Unlimited,2020-12-13,N/A,US,false
www.amazon.com,B088KPV4X8,"Making Monster Girls 3: For Science! (Making Monster Girls (Completed Series))","Eric Vall",EBOOK,"Chris's Kindle Cloud Reader",2020-09-18,N/A,RETURNED,Kindle Unlimited,2020-09-18,N/A,US,true
www.amazon.com,B08GHMFV6X,"Monster Girl Mountain","Edward Lang",EBOOK,"Chris's 3rd iPhone",2020-09-09,N/A,RETURNED,Kindle Unlimited,2020-09-15,N/A,US,true
www.amazon.com,B08FGBXWRJ,"Making Monster Girls 5: For Science! (Making Monster Girls (Completed Series))","Eric Vall",EBOOK,N/A,2020-08-27,N/A,RETURNED,Kindle Unlimited,2020-12-13,N/A,US,true
www.amazon.com,B08BQGJ8FF,"Making Monster Girls 4: For Science! (Making Monster Girls (Completed Series))","Eric Vall",EBOOK,N/A,2020-08-27,N/A,RETURNED,Kindle Unlimited,2020-12-13,N/A,US,true
www.amazon.com,B089YB9M4M,"Monster Girl Base","Logan Jacobs",EBOOK,N/A,2020-08-27,N/A,RETURNED,Kindle Unlimited,2021-04-30,N/A,US,true
www.amazon.com,B089KRZ1BZ,"Monster Girl Islands 5","Logan Jacobs",EBOOK,"Chris's iPhone",2020-08-12,N/A,RETURNED,Kindle Unlimited,2020-08-27,N/A,US,true
www.amazon.com,B08DDJGRWV,"Monster Girl Islands 6","Logan Jacobs",EBOOK,"Chris's iPhone",2020-08-12,N/A,RETURNED,Kindle Unlimited,2020-09-15,N/A,US,true
www.amazon.com,B083DGDJRP,"Arena 8","Logan Jacobs",EBOOK,"Chris's 3rd iPhone",2020-08-01,N/A,RETURNED,Kindle Unlimited,2020-08-27,N/A,US,true
www.amazon.com,B0813QGFT4,"Arena Book 7","Logan Jacobs",EBOOK,"Chris's 3rd iPhone",2020-08-01,N/A,RETURNED,Kindle Unlimited,2020-08-12,N/A,US,true
www.amazon.com,B07VGLN845,"Arena Book 6","Logan Jacobs",EBOOK,N/A,2020-07-02,N/A,RETURNED,Kindle Unlimited,2020-08-12,N/A,US,true
www.amazon.com,B07RK445PC,"Arena Book 4","Logan Jacobs",EBOOK,N/A,2020-07-02,N/A,RETURNED,Kindle Unlimited,2020-08-12,N/A,US,true
www.amazon.com,B07SLT6KFZ,"Arena Book 5","Logan Jacobs",EBOOK,N/A,2020-07-02,N/A,RETURNED,Kindle Unlimited,2020-08-12,N/A,US,true
www.amazon.com,B07QD31Y52,"Arena Book 3","Logan Jacobs",EBOOK,"Chris's 3rd iPhone",2020-06-19,N/A,RETURNED,Kindle Unlimited,2020-07-02,N/A,US,true
www.amazon.com,B07P46GHZK,"Arena Book 2","Logan Jacobs",EBOOK,"Chris's 3rd iPhone",2020-06-10,N/A,RETURNED,Kindle Unlimited,2020-07-02,N/A,US,true
www.amazon.com,B07MSGLMX2,"Arena","Logan Jacobs",EBOOK,"Chris's Fire",2020-05-25,N/A,RETURNED,Kindle Unlimited,2020-07-02,N/A,US,true
www.amazon.com,B087GLB3JF,"Monster Girl Islands 4","Logan Jacobs",EBOOK,N/A,2020-05-19,N/A,RETURNED,Kindle Unlimited,2020-05-30,N/A,US,true
www.amazon.com,B086C8RLL4,"Monster Girl Islands 3","Logan Jacobs",EBOOK,N/A,2020-05-19,N/A,RETURNED,Kindle Unlimited,2020-05-25,N/A,US,true
www.amazon.com,B084QD8ZJ7,"Monster Girl Islands 2","Logan Jacobs",EBOOK,N/A,2020-05-19,N/A,RETURNED,Kindle Unlimited,2020-05-25,N/A,US,true
www.amazon.com,B086J9H1CF,"Making Monster Girls 2: For Science! (Making Monster Girls (Completed Series))","Eric Vall",EBOOK,N/A,2020-05-04,N/A,RETURNED,Kindle Unlimited,2020-05-25,N/A,US,true
www.amazon.com,B07K63CLQN,"Succubus Lord (Succubus Lord (Completed Series) Book 1)","Eric Vall",EBOOK,N/A,2020-04-02,N/A,RETURNED,Kindle Unlimited,2020-09-18,N/A,US,true
www.amazon.com,B085BCFZ24,"Right of Retribution","William D. Arand",EBOOK,N/A,2020-04-02,N/A,RETURNED,Kindle Unlimited,2020-09-18,N/A,US,true
www.amazon.com,B084Z1QHTX,"Soul Gem Collector","Logan Jacobs",EBOOK,N/A,2020-04-02,N/A,RETURNED,Kindle Unlimited,2020-09-18,N/A,US,true
www.amazon.com,B082WD9LCQ,"Monster Girl Islands","Logan Jacobs",EBOOK,N/A,2020-04-02,N/A,RETURNED,Kindle Unlimited,2020-05-25,N/A,US,true
www.amazon.com,B084V8WLX3,"Making Monster Girls: For Science! (Making Monster Girls (Completed Series) Book 1)","Eric Vall",EBOOK,N/A,2020-04-02,N/A,RETURNED,Kindle Unlimited,2020-05-25,N/A,US,true
www.amazon.com,B07W62S46S,"Dragon Emperor 2: Human to Dragon to God (Dragon Emperor (Completed Series))","Eric Vall",EBOOK,N/A,2020-04-02,N/A,RETURNED,Kindle Unlimited,2020-05-30,N/A,US,true