Return Authorization Id,Tracking Id,RMA Creation Date,Order Id,Return Ship Option,Carrier Package Id,
DYrT7DrgRRMA,Not Available,2023-05-13T19:22:53Z,114-4075887-9667402,CustomSellerOption,Not Available,
DYlFN7rCRRMA,1Z9089E00331278639,2023-03-10T03:14:37Z,114-7615997-5029069,PackageLess_UPSDropOff,677B299F79044B23A6F6DC9B5DCBE319,
D7lpNHrCRRMA,1Z9089E00331278639,2023-03-10T03:14:01Z,114-7615997-5029069,PackageLess_UPSDropOff,C6427E7B68764FAC89CC711209E131C7,
DjNfjkJ7RRMA,1Z909F2Y0330923170,2023-02-26T21:11:02Z,112-0452694-5711438,PackageLess_UPSDropOff,0AC598FD15DE41A0A072C6B5C218716F,
DKkQqfJrRRMA,DKkQqfJrRRMA,2023-02-19T12:13:57Z,112-0452694-5711438,WFMUSDropOff,Not Available,
Djv78TJqRRMA,1Z67563Y9000937632,2023-02-09T03:10:21Z,112-6678026-9674639,UPSDropOff,Not Available,
DslGj5R5RRMA,KOH1264963190,2022-02-24T21:12:03Z,112-8234290-0192249,Label_LabelLess_KohlsUSDropOff,Not Available,
D4WQ06RHRRMA,1Z53Y6V00302400693,2022-01-01T21:05:19Z,112-2523722-7197835,PackageLess_UPSDropOff,Not Available,
DBD7NbR3RRMA,1Z909F2Y0311207686,2021-07-25T20:51:49Z,112-2157947-1281850,PackageLess_UPSDropOff,Not Available,
D8xFZ8psRRMA,1Z909F2Y0319512948,2021-06-25T21:39:49Z,112-6902175-8862624,PackageLess_UPSDropOff,Not Available,
D240ClpCRRMA,D240ClpCRRMA,2021-05-31T17:40:42Z,112-6870765-9583440,WFMUSDropOff,Not Available,
DZswKtpxRRMA,1Z9758R99000780598,2021-05-11T18:09:04Z,111-8011524-7889849,LabelLess_UPSDropOff,Not Available,
DfbMm5pmRRMA,KOH1167775271,2021-05-07T21:17:25Z,111-1492796-9958663,Label_LabelLess_KohlsUSDropOff,Not Available,
D47dPbpMRRMA,1Z909F2Y0330995236,2021-03-23T18:15:25Z,111-1502158-8269022,PackageLess_UPSDropOff,Not Available,
D8d5Q6ptRRMA,1ZW97V519002216916,2021-01-11T18:36:57Z,112-1177769-4113054,PackageLess_UPSDropOff,Not Available,
D8v2d2nBRRMA,Not Available,2020-05-29T15:53:50Z,111-9977074-7476229,AnyCarrier,Not Available,
D2TcVFnMRRMA,1Z909F2Y9041943554,2019-12-16T21:42:14Z,113-3332272-9384213,PackageLess_UPSDropOff,Not Available,
Df2NBgngRRMA,1Z909F2Y9000005117,2019-10-24T21:56:50Z,113-6336976-4398640,PackageLess_UPSDropOff,Not Available,
DBK7f4qnRRMA,1Z67534Y9066408022,2019-08-07T19:27:24Z,113-8062003-1787415,UPSDropOff,Not Available,
DvkLgvqwRRMA,1Z67534Y9050393014,2019-06-18T01:58:36Z,113-9644333-6533859,UPSDropOff,Not Available,
DW3MKJqvRRMA,1Z9E79559004368303,2019-04-07T22:34:11Z,113-0477231-6853841,LabelLess_UPSDropOff,Not Available,
DvgSJqqvRRMA,Not Available,2018-10-17T06:59:14Z,113-0993854-4105852,CustomSellerOption,Not Available,
DTnPWZPLRRMA,1Z6089509054678307,2017-01-05T03:14:49Z,107-6733660-2359414,UPSDropOff,Not Available,
DvntWTPLRRMA,1Z9F084X9018661217,2017-01-05T03:13:27Z,108-1841261-1817016,UPSDropOff,Not Available,
DknKWHPLRRMA,1ZW931979043967316,2017-01-05T03:13:25Z,108-1841261-1817016,UPSDropOff,Not Available,
DyLZrr0ZRRMA,1ZW931979020787509,2016-02-08T18:30:14Z,102-6079821-3313844,UPSDropOff,Not Available,
DCS4K8JcRRMA,Not Available,2015-01-04T21:44:02Z,110-3857419-4849039,CustomSellerOption,Not Available,
